Prüflosbezeichnung;"Redux 312_quer+längs_alte Proben"
Proben-Nr;"1_2"
Prüfer;"JuBr"
Werkstoff;"6082"
Prüfnorm;"DIN EN ISO 527                                                   "
Prüfgeschwindigkeit;3,6;mm/min
Prüfklima;"23 °C / 50 % rF"
Bemerkungen;""

Zeit;Traversenweg;Last;Dehnung 1;Zugdehnung;Zugspannung;Axiale Dehnung (Video);Zugverformung;Transversale Dehnung (Video);Transversale Verformung 1
(sec);(mm);(N);(%);(mm/mm);(MPa);(%);(mm);(%);(mm)
0,00000;-0,00337;248,40357;-0,00371;-0,00004;3,10504;-0,00064;-0,00186;0,00901;-0,00092
0,10000;-0,00021;261,35344;-0,00348;-0,00003;3,26692;0,00196;-0,00174;-0,00545;0,00055
0,15200;0,00461;338,40504;-0,00192;-0,00002;4,23006;0,00030;-0,00096;-0,00094;0,00010
0,19600;0,00793;414,59427;-0,00050;0,00000;5,18243;0,00478;-0,00025;0,00147;-0,00015
0,25800;0,01189;491,50195;0,00076;0,00001;6,14377;0,00599;0,00038;-0,00525;0,00053
0,32200;0,01607;567,57716;0,00221;0,00002;7,09471;0,00792;0,00110;0,00299;-0,00030
0,39200;0,01993;644,08975;0,00378;0,00004;8,05112;0,00910;0,00189;0,00269;-0,00027
0,46200;0,02432;720,15071;0,00522;0,00005;9,00188;0,01211;0,00261;0,00668;-0,00068
0,53000;0,02834;795,83639;0,00674;0,00007;9,94795;0,01551;0,00337;0,00637;-0,00065
0,60600;0,03295;872,37787;0,00810;0,00008;10,90472;0,01472;0,00405;0,01115;-0,00113
0,67400;0,03718;947,78873;0,00956;0,00010;11,84736;0,01650;0,00478;0,00655;-0,00067
0,75000;0,04152;1023,40121;0,01091;0,00011;12,79252;0,01723;0,00546;0,00383;-0,00039
0,82200;0,04596;1100,24102;0,01238;0,00012;13,75301;0,01860;0,00619;0,00329;-0,00033
0,89600;0,05020;1176,22577;0,01392;0,00014;14,70282;0,02283;0,00696;0,00397;-0,00040
0,97200;0,05491;1253,13241;0,01527;0,00015;15,66416;0,02395;0,00764;-0,00121;0,00012
1,04400;0,05920;1329,31184;0,01678;0,00017;16,61640;0,02254;0,00839;-0,00586;0,00060
1,12400;0,06402;1406,29962;0,01836;0,00018;17,57875;0,02497;0,00918;0,00449;-0,00046
1,19600;0,06846;1481,71764;0,01978;0,00020;18,52147;0,02817;0,00989;-0,00118;0,00012
1,27600;0,07307;1556,78630;0,02126;0,00021;19,45983;0,02974;0,01063;0,00093;-0,00009
1,35000;0,07779;1632,65090;0,02262;0,00023;20,40814;0,03174;0,01131;0,00788;-0,00080
1,43000;0,08229;1707,77243;0,02413;0,00024;21,34716;0,03212;0,01206;0,00437;-0,00044
1,50600;0,08705;1783,79159;0,02555;0,00026;22,29739;0,03279;0,01278;0,00863;-0,00088
1,58600;0,09161;1859,26918;0,02700;0,00027;23,24086;0,03582;0,01350;0,00553;-0,00056
1,66400;0,09648;1934,67021;0,02855;0,00029;24,18338;0,03747;0,01427;-0,00055;0,00006
1,74400;0,10109;2010,56890;0,02999;0,00030;25,13211;0,03856;0,01499;0,00262;-0,00027
1,82600;0,10618;2087,09076;0,03137;0,00031;26,08863;0,04494;0,01568;0,01024;-0,00104
1,90600;0,11084;2163,49125;0,03276;0,00033;27,04364;0,04552;0,01638;0,00649;-0,00066
1,99000;0,11598;2239,65794;0,03438;0,00034;27,99572;0,04907;0,01719;0,00863;-0,00088
2,07000;0,12070;2315,63352;0,03580;0,00036;28,94542;0,05234;0,01790;0,01110;-0,00113
2,15400;0,12584;2390,70743;0,03732;0,00037;29,88384;0,05524;0,01866;0,01185;-0,00121
2,23400;0,13061;2465,90696;0,03880;0,00039;30,82384;0,07073;0,01940;0,01441;-0,00147
2,32200;0,13591;2542,46503;0,04027;0,00040;31,78081;0,06917;0,02013;0,00389;-0,00040
2,40400;0,14079;2618,43413;0,04157;0,00042;32,73043;0,07222;0,02078;0,00990;-0,00101
2,49200;0,14609;2693,55878;0,04293;0,00043;33,66948;0,06954;0,02147;0,01491;-0,00152
2,57600;0,15107;2769,72435;0,04452;0,00045;34,62155;0,07672;0,02226;0,02528;-0,00257
2,66600;0,15659;2845,42903;0,04595;0,00046;35,56786;0,07780;0,02297;0,02643;-0,00269
2,75200;0,16162;2920,61985;0,04752;0,00048;36,50775;0,08181;0,02376;0,03188;-0,00324
2,84400;0,16725;2997,24475;0,04897;0,00049;37,46556;0,07915;0,02448;0,02508;-0,00255
2,93400;0,17250;3072,71183;0,05051;0,00051;38,40890;0,08212;0,02526;0,03147;-0,00320
3,02600;0,17818;3148,40935;0,05177;0,00052;39,35512;0,08413;0,02589;0,06265;-0,00637
3,12200;0,18380;3224,82593;0,05316;0,00053;40,31032;0,08269;0,02658;0,06506;-0,00662
3,21400;0,18954;3301,28722;0,05466;0,00055;41,26609;0,08300;0,02733;0,07352;-0,00748
3,31200;0,19527;3377,19396;0,05609;0,00056;42,21492;0,08511;0,02805;0,07099;-0,00722
3,40200;0,20084;3452,72407;0,05755;0,00058;43,15905;0,08320;0,02878;0,07480;-0,00761
3,50000;0,20657;3528,74637;0,05912;0,00059;44,10933;0,08632;0,02956;0,07850;-0,00799
3,59200;0,21209;3604,90076;0,06065;0,00061;45,06126;0,08506;0,03032;0,07856;-0,00799
3,69000;0,21798;3680,22546;0,06210;0,00062;46,00282;0,08690;0,03105;0,06871;-0,00699
3,78600;0,22361;3755,64605;0,06356;0,00064;46,94558;0,09052;0,03178;0,06751;-0,00687
3,88400;0,22971;3831,79531;0,06501;0,00065;47,89744;0,08998;0,03251;0,06978;-0,00710
3,98400;0,23555;3906,64056;0,06643;0,00066;48,83301;0,09168;0,03321;0,07103;-0,00723
4,07800;0,24139;3982,61815;0,06797;0,00068;49,78273;0,09087;0,03398;0,07388;-0,00752
4,17800;0,24729;4056,35923;0,06930;0,00069;50,70449;0,08983;0,03465;0,07088;-0,00721
4,27200;0,25291;4131,74629;0,07073;0,00071;51,64683;0,08941;0,03536;0,06647;-0,00676
4,37200;0,25891;4205,48022;0,07208;0,00072;52,56850;0,08465;0,03604;0,06711;-0,00683
4,47200;0,26475;4280,31653;0,07353;0,00074;53,50396;0,08818;0,03677;0,07194;-0,00732
4,57200;0,27107;4355,38307;0,07510;0,00075;54,44229;0,08754;0,03755;0,07714;-0,00785
4,67200;0,27686;4425,92382;0,07645;0,00076;55,32405;0,08848;0,03822;0,06655;-0,00677
4,77200;0,28296;4502,06637;0,07798;0,00078;56,27583;0,08900;0,03899;0,06560;-0,00667
4,87200;0,28891;4571,23831;0,07923;0,00079;57,14048;0,08723;0,03962;0,07422;-0,00755
4,97200;0,29480;4643,92796;0,08077;0,00081;58,04910;0,09035;0,04039;0,06935;-0,00705
5,07200;0,30096;4714,99801;0,08210;0,00082;58,93748;0,09131;0,04105;0,06176;-0,00628
5,17200;0,30686;4783,99202;0,08343;0,00083;59,79990;0,09257;0,04172;0,06857;-0,00697
5,27200;0,31302;4858,45640;0,08476;0,00085;60,73071;0,09466;0,04238;0,06969;-0,00709
5,37200;0,31891;4926,63860;0,08617;0,00086;61,58298;0,09585;0,04309;0,06863;-0,00698
5,47200;0,32486;4999,70958;0,08755;0,00088;62,49637;0,09733;0,04377;0,04894;-0,00498
5,57200;0,33091;5069,38532;0,08908;0,00089;63,36732;0,10221;0,04454;0,05677;-0,00578
5,67200;0,33680;5138,27518;0,09044;0,00090;64,22844;0,10251;0,04522;0,05983;-0,00609
5,77200;0,34307;5209,98985;0,09186;0,00092;65,12487;0,10216;0,04593;0,06249;-0,00636
5,87200;0,34886;5276,94717;0,09310;0,00093;65,96184;0,10718;0,04655;0,06535;-0,00665
5,97200;0,35491;5349,64085;0,09450;0,00094;66,87051;0,10528;0,04725;0,05915;-0,00602
6,07200;0,36096;5416,36616;0,09580;0,00096;67,70458;0,10675;0,04790;0,06607;-0,00672
6,17200;0,36675;5484,23454;0,09708;0,00097;68,55293;0,10849;0,04854;0,07141;-0,00726
6,27200;0,37302;5554,27283;0,09848;0,00098;69,42841;0,11537;0,04924;0,06869;-0,00699
6,37200;0,37891;5620,75496;0,09976;0,00100;70,25944;0,11949;0,04988;0,07316;-0,00744
6,47200;0,38502;5693,16119;0,10120;0,00101;71,16451;0,12001;0,05060;0,07589;-0,00772
6,57200;0,39091;5759,47925;0,10257;0,00103;71,99349;0,12032;0,05129;0,07463;-0,00759
6,67200;0,39680;5829,40310;0,10398;0,00104;72,86754;0,12359;0,05199;0,06660;-0,00678
6,77200;0,40296;5898,26748;0,10523;0,00105;73,72834;0,12247;0,05261;0,07132;-0,00725
6,87200;0,40880;5965,24715;0,10653;0,00107;74,56559;0,12284;0,05327;0,07849;-0,00798
6,97200;0,41507;6037,02039;0,10792;0,00108;75,46275;0,12472;0,05396;0,07195;-0,00732
7,07200;0,42091;6104,04074;0,10940;0,00109;76,30051;0,12326;0,05470;0,07087;-0,00721
7,17200;0,42680;6176,25833;0,11080;0,00111;77,20323;0,12511;0,05540;0,07411;-0,00754
7,27200;0,43296;6244,65957;0,11210;0,00112;78,05824;0,12516;0,05605;0,07133;-0,00726
7,37200;0,43880;6312,60216;0,11338;0,00113;78,90753;0,12791;0,05669;0,06067;-0,00617
7,47200;0,44507;6383,86354;0,11466;0,00115;79,79829;0,12826;0,05733;0,06436;-0,00655
7,57200;0,45091;6450,57410;0,11596;0,00116;80,63218;0,12654;0,05798;0,06180;-0,00629
7,67200;0,45686;6523,26018;0,11754;0,00118;81,54075;0,13257;0,05877;0,07389;-0,00752
7,77200;0,46291;6591,00339;0,11892;0,00119;82,38754;0,13503;0,05946;0,05944;-0,00605
7,87200;0,46875;6660,31793;0,12026;0,00120;83,25397;0,13437;0,06013;0,06402;-0,00651
7,97200;0,47502;6730,70848;0,12164;0,00122;84,13386;0,13586;0,06082;0,07803;-0,00794
8,07200;0,48086;6798,21610;0,12296;0,00123;84,97770;0,13633;0,06148;0,07855;-0,00799
8,17200;0,48702;6871,63308;0,12441;0,00124;85,89541;0,13602;0,06221;0,06475;-0,00659
8,27200;0,49291;6938,76252;0,12568;0,00126;86,73453;0,13828;0,06284;0,07386;-0,00751
8,37200;0,49880;7009,30953;0,12701;0,00127;87,61637;0,13930;0,06351;0,06539;-0,00665
8,47200;0,50502;7078,61379;0,12833;0,00128;88,48267;0,13886;0,06417;0,07070;-0,00719
8,57200;0,51080;7145,53803;0,12974;0,00130;89,31923;0,14125;0,06487;0,06827;-0,00695
8,67200;0,51702;7218,98586;0,13125;0,00131;90,23732;0,14125;0,06562;0,07666;-0,00780
8,77200;0,52291;7286,23956;0,13259;0,00133;91,07799;0,14565;0,06629;0,06497;-0,00661
8,87200;0,52886;7358,17418;0,13386;0,00134;91,97718;0,14449;0,06693;0,06479;-0,00659
8,97200;0,53491;7426,72518;0,13519;0,00135;92,83406;0,14594;0,06760;0,06791;-0,00691
9,07200;0,54080;7494,53589;0,13657;0,00137;93,68170;0,14441;0,06828;0,07258;-0,00738
9,17200;0,54707;7565,16427;0,13797;0,00138;94,56455;0,14645;0,06899;0,07116;-0,00724
9,27200;0,55286;7631,68395;0,13944;0,00139;95,39605;0,14948;0,06972;0,07088;-0,00721
9,37200;0,55891;7704,86265;0,14092;0,00141;96,31078;0,14513;0,07046;0,06514;-0,00663
9,47200;0,56496;7772,05914;0,14216;0,00142;97,15074;0,14554;0,07108;0,06899;-0,00702
9,57200;0,57075;7841,19397;0,14340;0,00143;98,01492;0,14222;0,07170;0,07081;-0,00720
9,67200;0,57702;7910,87687;0,14484;0,00145;98,88596;0,14498;0,07242;0,06381;-0,00649
9,77200;0,58286;7976,37731;0,14620;0,00146;99,70472;0,14149;0,07310;0,06760;-0,00688
9,87200;0,58896;8048,32041;0,14756;0,00148;100,60401;0,14161;0,07378;0,06531;-0,00664
9,97200;0,59491;8114,22229;0,14879;0,00149;101,42778;0,14464;0,07440;0,06598;-0,00671
10,07200;0,60080;8183,18993;0,15023;0,00150;102,28987;0,14533;0,07512;0,08255;-0,00840
10,17200;0,60696;8250,93091;0,15159;0,00152;103,13664;0,14844;0,07579;0,06001;-0,00610
10,27200;0,61286;8317,38889;0,15292;0,00153;103,96736;0,14658;0,07646;0,06094;-0,00620
10,37200;0,61907;8388,49247;0,15427;0,00154;104,85616;0,14603;0,07713;0,05571;-0,00567
10,47200;0,62491;8453,49580;0,15562;0,00156;105,66870;0,14779;0,07781;0,05588;-0,00568
10,57200;0,63086;8524,19436;0,15704;0,00157;106,55243;0,14923;0,07852;0,06584;-0,00670
10,67200;0,63691;8590,69616;0,15831;0,00158;107,38370;0,14875;0,07915;0,05475;-0,00557
10,77200;0,64275;8657,44919;0,15956;0,00160;108,21811;0,15033;0,07978;0,05919;-0,00602
10,87200;0,64907;8727,15443;0,16104;0,00161;109,08943;0,15546;0,08052;0,05714;-0,00581
10,97200;0,65491;8792,14615;0,16224;0,00162;109,90183;0,15180;0,08112;0,07037;-0,00716
11,07200;0,66091;8863,96229;0,16374;0,00164;110,79953;0,15259;0,08187;0,08970;-0,00912
11,17200;0,66691;8929,25173;0,16503;0,00165;111,61565;0,15209;0,08251;0,10449;-0,01063
11,27200;0,67275;8996,38385;0,16624;0,00166;112,45480;0,15712;0,08312;0,08264;-0,00841
11,37200;0,67902;9064,14449;0,16752;0,00168;113,30181;0,15952;0,08376;0,09588;-0,00975
11,47200;0,68486;9128,52556;0,16878;0,00169;114,10657;0,16193;0,08439;0,10284;-0,01046
11,57200;0,69102;9199,20355;0,17028;0,00170;114,99004;0,16013;0,08514;0,10003;-0,01018
11,67200;0,69691;9264,30792;0,17169;0,00172;115,80385;0,16360;0,08585;0,09803;-0,00997
11,77200;0,70275;9333,16290;0,17301;0,00173;116,66454;0,16408;0,08650;0,09956;-0,01013
11,87200;0,70896;9399,12736;0,17430;0,00174;117,48909;0,16790;0,08715;0,10196;-0,01037
11,97200;0,71480;9464,24067;0,17547;0,00175;118,30301;0,16963;0,08773;0,11340;-0,01154
12,07200;0,72107;9534,41352;0,17681;0,00177;119,18017;0,17419;0,08841;0,10845;-0,01103
12,17200;0,72691;9598,22059;0,17820;0,00178;119,97776;0,17117;0,08910;0,10306;-0,01048
12,27200;0,73280;9668,08319;0,17953;0,00180;120,85104;0,17434;0,08977;0,11650;-0,01185
12,37200;0,73891;9734,01368;0,18099;0,00181;121,67517;0,18113;0,09049;0,10907;-0,01110
12,47200;0,74480;9798,82926;0,18220;0,00182;122,48537;0,18919;0,09110;0,11963;-0,01217
12,57200;0,75107;9867,31589;0,18344;0,00183;123,34145;0,19312;0,09172;0,12112;-0,01232
12,67200;0,75691;9932,16187;0,18470;0,00185;124,15202;0,19321;0,09235;0,13688;-0,01392
12,77200;0,76296;10001,84029;0,18617;0,00186;125,02300;0,20169;0,09309;0,13368;-0,01360
12,87200;0,76891;10066,67823;0,18760;0,00188;125,83348;0,20186;0,09380;0,13622;-0,01386
12,97200;0,77475;10133,54212;0,18890;0,00189;126,66928;0,20225;0,09445;0,14168;-0,01441
13,07200;0,78107;10201,65771;0,19001;0,00190;127,52072;0,20607;0,09501;0,13880;-0,01412
13,17200;0,78686;10265,03831;0,19131;0,00191;128,31298;0,20512;0,09565;0,14090;-0,01433
13,27200;0,79296;10335,35421;0,19285;0,00193;129,19193;0,20481;0,09642;0,14669;-0,01492
13,37200;0,79896;10399,53679;0,19410;0,00194;129,99421;0,20677;0,09705;0,14443;-0,01469
13,47200;0,80480;10467,10432;0,19548;0,00195;130,83880;0,20561;0,09774;0,14525;-0,01478
13,57200;0,81096;10533,27620;0,19670;0,00197;131,66595;0,20615;0,09835;0,11161;-0,01135
13,67200;0,81686;10597,32199;0,19794;0,00198;132,46652;0,20493;0,09897;0,11716;-0,01192
13,77200;0,82302;10666,11528;0,19936;0,00199;133,32644;0,20744;0,09968;0,12518;-0,01273
13,87200;0,82891;10731,15617;0,20073;0,00201;134,13945;0,20811;0,10037;0,11666;-0,01187
13,97200;0,83486;10800,19981;0,20230;0,00202;135,00250;0,20978;0,10115;0,11103;-0,01129
14,07200;0,84086;10865,32831;0,20348;0,00203;135,81660;0,20610;0,10174;0,11262;-0,01146
14,17200;0,84680;10931,69242;0,20472;0,00205;136,64616;0,20924;0,10236;0,10989;-0,01118
14,27200;0,85307;10999,62920;0,20594;0,00206;137,49536;0,20969;0,10297;0,11207;-0,01140
14,37200;0,85891;11063,33166;0,20725;0,00207;138,29165;0,21373;0,10363;0,11539;-0,01174
14,47200;0,86491;11134,50855;0,20868;0,00209;139,18136;0,21562;0,10434;0,11098;-0,01129
14,57200;0,87091;11199,19270;0,20996;0,00210;139,98991;0,21655;0,10498;0,11367;-0,01156
14,67200;0,87675;11266,32124;0,21128;0,00211;140,82902;0,21468;0,10564;0,12171;-0,01238
14,77200;0,88302;11334,78194;0,21268;0,00213;141,68477;0,21903;0,10634;0,10773;-0,01096
14,87200;0,88891;11398,88406;0,21401;0,00214;142,48605;0,22102;0,10700;0,11228;-0,01142
14,97200;0,89496;11469,35284;0,21541;0,00215;143,36691;0,21918;0,10770;0,11700;-0,01190
15,07200;0,90091;11533,93954;0,21670;0,00217;144,17424;0,22360;0,10835;0,11717;-0,01192
15,17200;0,90675;11602,21159;0,21809;0,00218;145,02764;0,22474;0,10905;0,12334;-0,01255
15,27200;0,91291;11668,37722;0,21931;0,00219;145,85472;0,22481;0,10966;0,12009;-0,01222
15,37200;0,91880;11734,99614;0,22049;0,00220;146,68745;0,22505;0,11024;0,12427;-0,01264
15,47200;0,92507;11805,85563;0,22205;0,00222;147,57320;0,22955;0,11102;0,11504;-0,01170
15,57200;0,93096;11870,30196;0,22346;0,00223;148,37877;0,22719;0,11173;0,10064;-0,01024
15,67200;0,93686;11940,86462;0,22475;0,00225;149,26081;0,23148;0,11237;0,12515;-0,01273
15,77200;0,94291;12006,25330;0,22600;0,00226;150,07817;0,23407;0,11300;0,11842;-0,01205
15,87200;0,94875;12072,06309;0,22735;0,00227;150,90079;0,23743;0,11367;0,12542;-0,01276
15,97200;0,95502;12142,51041;0,22879;0,00229;151,78138;0,23788;0,11439;0,11611;-0,01181
16,07200;0,96091;12207,80432;0,23017;0,00230;152,59755;0,23532;0,11509;0,12541;-0,01276
16,17200;0,96696;12279,73223;0,23156;0,00232;153,49665;0,23661;0,11578;0,11307;-0,01150
16,27200;0,97296;12345,58135;0,23291;0,00233;154,31977;0,23982;0,11646;0,11553;-0,01175
16,37200;0,97880;12413,78546;0,23433;0,00234;155,17232;0,23845;0,11717;0,11444;-0,01164
16,47200;0,98502;12481,65876;0,23558;0,00236;156,02073;0,24138;0,11779;0,11222;-0,01142
16,57200;0,99086;12546,40549;0,23682;0,00237;156,83007;0,24091;0,11841;0,10880;-0,01107
16,67200;0,99696;12618,64364;0,23821;0,00238;157,73305;0,24237;0,11911;0,11055;-0,01125
16,77200;1,00291;12684,25494;0,23961;0,00240;158,55319;0,24772;0,11980;0,11064;-0,01125
16,87200;1,00880;12754,69154;0,24099;0,00241;159,43364;0,24690;0,12049;0,12004;-0,01221
16,97200;1,01496;12822,56395;0,24252;0,00243;160,28205;0,24770;0,12126;0,11374;-0,01157
17,07200;1,02086;12888,13412;0,24390;0,00244;161,10168;0,24859;0,12195;0,11788;-0,01199
17,17200;1,02707;12959,31548;0,24520;0,00245;161,99144;0,25054;0,12260;0,11054;-0,01124
17,27200;1,03291;13025,21914;0,24647;0,00246;162,81524;0,25103;0,12324;0,10962;-0,01115
17,37200;1,03886;13096,26728;0,24806;0,00248;163,70334;0,25242;0,12403;0,10882;-0,01107
17,47200;1,04486;13162,96667;0,24933;0,00249;164,53708;0,25266;0,12467;0,11769;-0,01197
17,57200;1,05075;13231,29147;0,25067;0,00251;165,39114;0,25087;0,12534;0,10867;-0,01105
17,67200;1,05707;13301,21219;0,25200;0,00252;166,26515;0,25307;0,12600;0,11315;-0,01151
17,77200;1,06291;13367,68627;0,25336;0,00253;167,09608;0,25544;0,12668;0,10731;-0,01092
17,87200;1,06891;13439,97717;0,25491;0,00255;167,99971;0,25428;0,12745;0,11584;-0,01178
17,97200;1,07496;13506,58178;0,25618;0,00256;168,83227;0,25483;0,12809;0,11616;-0,01182
18,07200;1,08075;13575,28210;0,25766;0,00258;169,69103;0,25802;0,12883;0,11515;-0,01171
18,17200;1,08696;13643,72671;0,25901;0,00259;170,54658;0,25277;0,12950;0,10948;-0,01114
18,27200;1,09291;13710,64156;0,26027;0,00260;171,38302;0,25627;0,13014;0,11295;-0,01149
18,37200;1,09902;13783,76752;0,26179;0,00262;172,29709;0,25365;0,13090;0,15199;-0,01546
18,47200;1,10496;13851,01676;0,26327;0,00263;173,13771;0,25500;0,13164;0,15361;-0,01563
18,57200;1,11080;13920,87042;0,26470;0,00265;174,01088;0,25581;0,13235;0,14635;-0,01489
18,67200;1,11691;13989,14158;0,26597;0,00266;174,86427;0,25664;0,13298;0,15337;-0,01560
18,77200;1,12280;14056,67961;0,26719;0,00267;175,70850;0,25493;0,13360;0,15125;-0,01539
18,87200;1,12907;14128,22664;0,26861;0,00269;176,60283;0,25862;0,13431;0,15361;-0,01563
18,97200;1,13491;14195,19782;0,27022;0,00270;177,43997;0,26141;0,13511;0,15035;-0,01529
19,07200;1,14086;14268,33540;0,27164;0,00272;178,35419;0,25835;0,13582;0,15106;-0,01537
19,17200;1,14696;14336,34728;0,27302;0,00273;179,20434;0,26438;0,13651;0,16030;-0,01631
19,27200;1,15275;14404,00779;0,27435;0,00274;180,05010;0,26590;0,13717;0,14549;-0,01480
19,37200;1,15902;14475,44932;0,27580;0,00276;180,94312;0,26483;0,13790;0,16095;-0,01637
19,47200;1,16496;14541,93234;0,27716;0,00277;181,77415;0,26323;0,13858;0,15986;-0,01626
19,57200;1,17091;14614,60501;0,27881;0,00279;182,68256;0,26847;0,13941;0,14959;-0,01522
19,67200;1,17691;14682,48188;0,28012;0,00280;183,53102;0,27033;0,14006;0,15391;-0,01566
19,77200;1,18280;14752,60645;0,28137;0,00281;184,40758;0,27157;0,14068;0,15248;-0,01551
19,87200;1,18902;14822,53432;0,28271;0,00283;185,28168;0,27626;0,14136;0,14517;-0,01477
19,97200;1,19486;14889,77730;0,28426;0,00284;186,12222;0,27470;0,14213;0,16443;-0,01673
20,07200;1,20102;14963,21350;0,28592;0,00286;187,04017;0,27722;0,14296;0,14513;-0,01476
20,17200;1,20696;15029,77073;0,28719;0,00287;187,87213;0,27870;0,14360;0,15881;-0,01615
20,27200;1,21275;15101,83454;0,28856;0,00289;188,77293;0,28078;0,14428;0,15099;-0,01536
20,37200;1,21896;15171,27156;0,28985;0,00290;189,64089;0,28089;0,14493;0,15464;-0,01573
20,47200;1,22480;15238,78813;0,29143;0,00291;190,48485;0,28546;0,14571;0,15640;-0,01591
20,57200;1,23102;15312,02853;0,29290;0,00293;191,40036;0,28323;0,14645;0,15366;-0,01563
20,67200;1,23696;15380,39088;0,29439;0,00294;192,25489;0,28714;0,14719;0,13104;-0,01333
20,77200;1,24291;15452,51906;0,29581;0,00296;193,15649;0,28911;0,14791;0,13183;-0,01341
20,87200;1,24891;15519,99807;0,29707;0,00297;193,99998;0,29088;0,14853;0,13362;-0,01359
20,97200;1,25480;15589,41901;0,29846;0,00298;194,86774;0,29221;0,14923;0,14256;-0,01450
21,07200;1,26102;15660,09164;0,30003;0,00300;195,75115;0,29492;0,15002;0,14051;-0,01429
21,17200;1,26686;15728,94394;0,30140;0,00301;196,61180;0,30020;0,15070;0,14058;-0,01430
21,27200;1,27296;15803,22325;0,30283;0,00303;197,54029;0,29836;0,15141;0,14341;-0,01459
21,37200;1,27896;15871,22619;0,30424;0,00304;198,39033;0,30350;0,15212;0,14454;-0,01470
21,47200;1,28475;15942,56938;0,30583;0,00306;199,28212;0,30474;0,15291;0,14629;-0,01488
21,57200;1,29102;16012,95233;0,30728;0,00307;200,16190;0,30545;0,15364;0,15041;-0,01530
21,67200;1,29686;16080,58155;0,30860;0,00309;201,00727;0,30719;0,15430;0,15115;-0,01538
21,77200;1,30296;16154,24395;0,31019;0,00310;201,92805;0,31035;0,15510;0,15359;-0,01562
21,87200;1,30896;16223,81687;0,31160;0,00312;202,79771;0,31197;0,15580;0,15037;-0,01530
21,97200;1,31486;16296,04876;0,31305;0,00313;203,70061;0,31282;0,15652;0,15836;-0,01611
22,07200;1,32091;16366,30833;0,31440;0,00314;204,57885;0,31382;0,15720;0,15613;-0,01588
22,17200;1,32680;16434,67247;0,31598;0,00316;205,43341;0,31505;0,15799;0,16190;-0,01647
22,27200;1,33307;16507,63392;0,31746;0,00317;206,34542;0,31641;0,15873;0,15056;-0,01532
22,37200;1,33891;16576,90823;0,31869;0,00319;207,21135;0,31508;0,15934;0,15803;-0,01608
22,47200;1,34486;16651,14462;0,32034;0,00320;208,13931;0,31974;0,16017;0,15076;-0,01534
22,57200;1,35091;16720,24369;0,32188;0,00322;209,00305;0,31996;0,16094;0,15055;-0,01531
22,67200;1,35675;16789,80231;0,32315;0,00323;209,87253;0,32114;0,16158;0,15653;-0,01592
22,77200;1,36307;16863,47723;0,32476;0,00325;210,79347;0,32079;0,16238;0,15221;-0,01548
22,87200;1,36896;16931,53381;0,32622;0,00326;211,64417;0,32422;0,16311;0,14693;-0,01495
22,97200;1,37496;17005,46980;0,32772;0,00328;212,56837;0,32489;0,16386;0,14990;-0,01525
23,07200;1,38096;17074,83172;0,32906;0,00329;213,43540;0,33495;0,16453;0,15231;-0,01549
23,17200;1,38680;17145,62953;0,33040;0,00330;214,32037;0,34030;0,16520;0,16268;-0,01655
23,27200;1,39291;17216,04109;0,33197;0,00332;215,20051;0,33980;0,16598;0,15003;-0,01526
23,37200;1,39886;17285,47096;0,33349;0,00333;216,06839;0,33562;0,16675;0,15230;-0,01549
23,47200;1,40507;17361,10389;0,33499;0,00335;217,01380;0,34339;0,16749;0,15756;-0,01603
23,57200;1,41091;17429,79169;0,33642;0,00336;217,87240;0,34439;0,16821;0,14216;-0,01446
23,67200;1,41680;17503,36111;0,33794;0,00338;218,79201;0,34352;0,16897;0,14798;-0,01505
23,77200;1,42307;17573,99976;0,33947;0,00339;219,67500;0,34427;0,16974;0,15351;-0,01562
23,87200;1,42880;17641,71839;0,34095;0,00341;220,52148;0,34832;0,17047;0,14629;-0,01488
23,97200;1,43502;17716,15684;0,34246;0,00342;221,45196;0,34568;0,17123;0,15546;-0,01581
24,07200;1,44091;17785,06637;0,34363;0,00344;222,31333;0,34717;0,17182;0,15304;-0,01557
24,17200;1,44686;17858,84321;0,34524;0,00345;223,23554;0,35374;0,17262;0,14872;-0,01513
24,27200;1,45291;17929,81267;0,34698;0,00347;224,12266;0,35263;0,17349;0,14557;-0,01481
24,37200;1,45880;18000,78034;0,34842;0,00348;225,00975;0,35566;0,17421;0,14999;-0,01526
24,47200;1,46502;18072,30949;0,34976;0,00350;225,90387;0,35885;0,17488;0,15295;-0,01556
24,57200;1,47091;18142,62271;0,35113;0,00351;226,78278;0,35859;0,17557;0,15068;-0,01533
24,67200;1,47696;18217,47243;0,35298;0,00353;227,71841;0,36288;0,17649;0,14984;-0,01524
24,77200;1,48286;18285,95102;0,35433;0,00354;228,57439;0,36004;0,17717;0,15807;-0,01608
24,87200;1,48875;18359,73501;0,35592;0,00356;229,49669;0,36500;0,17796;0,15228;-0,01549
24,97200;1,49496;18431,02813;0,35739;0,00357;230,38785;0,36402;0,17869;0,14703;-0,01496
25,07200;1,50086;18499,84109;0,35865;0,00359;231,24801;0,36592;0,17932;0,16447;-0,01673
25,17200;1,50702;18575,43826;0,36025;0,00360;232,19298;0,36648;0,18012;0,16278;-0,01656
25,27200;1,51302;18644,91642;0,36190;0,00362;233,06146;0,36809;0,18095;0,15927;-0,01620
25,37200;1,51880;18718,41609;0,36358;0,00364;233,98020;0,36752;0,18179;0,16890;-0,01718
25,47200;1,52486;18789,41417;0,36478;0,00365;234,86768;0,37086;0,18239;0,16968;-0,01726
25,57200;1,53080;18859,36081;0,36621;0,00366;235,74201;0,37406;0,18311;0,16952;-0,01724
25,67200;1,53702;18933,52211;0,36793;0,00368;236,66903;0,37221;0,18397;0,18323;-0,01864
25,77200;1,54296;19004,08745;0,36950;0,00370;237,55109;0,37352;0,18475;0,19860;-0,02020
25,87200;1,54891;19079,06592;0,37102;0,00371;238,48832;0,37417;0,18551;0,19692;-0,02003
25,97200;1,55491;19149,13058;0,37243;0,00372;239,36413;0,37787;0,18621;0,19995;-0,02034
26,07200;1,56075;19219,62440;0,37381;0,00374;240,24531;0,37905;0,18691;0,20056;-0,02040
26,17200;1,56707;19293,62655;0,37536;0,00375;241,17033;0,37715;0,18768;0,19446;-0,01978
26,27200;1,57291;19361,90844;0,37692;0,00377;242,02386;0,38123;0,18846;0,19173;-0,01950
26,37000;1,57880;19437,26242;0,37859;0,00379;242,96578;0,38142;0,18930;0,18875;-0,01920
26,47000;1,58486;19507,40933;0,37985;0,00380;243,84262;0,38671;0,18992;0,18987;-0,01931
26,57000;1,59064;19578,81689;0,38148;0,00381;244,73521;0,38744;0,19074;0,19335;-0,01967
26,67000;1,59686;19651,55482;0,38309;0,00383;245,64444;0,38789;0,19155;0,20912;-0,02127
26,77000;1,60275;19720,92390;0,38461;0,00385;246,51155;0,39004;0,19231;0,20685;-0,02104
26,87000;1,60891;19795,43924;0,38602;0,00386;247,44299;0,39332;0,19301;0,19821;-0,02016
26,97000;1,61475;19865,63802;0,38767;0,00388;248,32048;0,39502;0,19384;0,19727;-0,02007
27,07000;1,62064;19939,96382;0,38917;0,00389;249,24955;0,39514;0,19458;0,19931;-0,02027
27,17000;1,62680;20011,63960;0,39061;0,00391;250,14549;0,39529;0,19531;0,20069;-0,02042
27,27000;1,63264;20081,33769;0,39217;0,00392;251,01672;0,39602;0,19609;0,20215;-0,02056
27,37000;1,63896;20157,29070;0,39396;0,00394;251,96613;0,39612;0,19698;0,19396;-0,01973
27,47000;1,64486;20225,56365;0,39525;0,00395;252,81955;0,39974;0,19762;0,18955;-0,01928
27,57000;1,65080;20300,34184;0,39686;0,00397;253,75427;0,40093;0,19843;0,19303;-0,01964
27,67000;1,65680;20370,46015;0,39848;0,00398;254,63075;0,39984;0,19924;0,19294;-0,01963
27,77000;1,66259;20441,60843;0,39988;0,00400;255,52011;0,40352;0,19994;0,20278;-0,02063
27,87000;1,66886;20515,18857;0,40144;0,00401;256,43986;0,40195;0,20072;0,19246;-0,01958
27,97000;1,67480;20586,48884;0,40310;0,00403;257,33111;0,40745;0,20155;0,19009;-0,01934
28,07000;1,68091;20661,35645;0,40463;0,00405;258,26696;0,40689;0,20232;0,15158;-0,01542
28,17000;1,68680;20730,87037;0,40598;0,00406;259,13588;0,40660;0,20299;0,17131;-0,01743
28,27000;1,69270;20804,57926;0,40763;0,00408;260,05724;0,40816;0,20382;0,16491;-0,01678
28,37000;1,69880;20874,59564;0,40931;0,00409;260,93245;0,41206;0,20465;0,16560;-0,01685
28,47000;1,70470;20944,40639;0,41076;0,00411;261,80508;0,41140;0,20538;0,17638;-0,01794
28,57000;1,71091;21020,13767;0,41233;0,00412;262,75172;0,41229;0,20616;0,18131;-0,01844
28,67000;1,71686;21090,63864;0,41382;0,00414;263,63298;0,41523;0,20691;0,17853;-0,01816
28,77000;1,72270;21165,18974;0,41558;0,00416;264,56487;0,41555;0,20779;0,17605;-0,01791
28,87000;1,72880;21236,62412;0,41712;0,00417;265,45780;0,41897;0,20856;0,17226;-0,01752
28,97000;1,73475;21306,70130;0,41870;0,00419;266,33377;0,41699;0,20935;0,16896;-0,01719
29,07000;1,74091;21379,54116;0,42020;0,00420;267,24426;0,41883;0,21010;0,17405;-0,01770
29,17000;1,74680;21449,93484;0,42153;0,00422;268,12419;0,42209;0,21076;0,18032;-0,01834
29,27000;1,75270;21523,89586;0,42328;0,00423;269,04870;0,42079;0,21164;0,17400;-0,01770
29,37000;1,75875;21595,09063;0,42513;0,00425;269,93863;0,42015;0,21256;0,16962;-0,01725
29,47000;1,76464;21668,08963;0,42651;0,00427;270,85112;0,42511;0,21325;0,17210;-0,01751
29,57000;1,77096;21740,76855;0,42798;0,00428;271,75961;0,42121;0,21399;0,17031;-0,01732
29,67000;1,77680;21809,89802;0,42962;0,00430;272,62373;0,41773;0,21481;0,17378;-0,01768
29,77000;1,78280;21886,32488;0,43131;0,00431;273,57906;0,42009;0,21565;0,17060;-0,01735
29,87000;1,78886;21956,16066;0,43287;0,00433;274,45201;0,42118;0,21643;0,17752;-0,01806
29,97000;1,79464;22028,73588;0,43443;0,00434;275,35920;0,42151;0,21721;0,17366;-0,01767
30,07000;1,80075;22101,47381;0,43596;0,00436;276,26842;0,42193;0,21798;0,17603;-0,01791
30,17000;1,80675;22171,18800;0,43744;0,00437;277,13985;0,42334;0,21872;0,17157;-0,01745
30,27000;1,81291;22246,18256;0,43936;0,00439;278,07728;0,42592;0,21968;0,17419;-0,01772
30,37000;1,81880;22316,21325;0,44094;0,00441;278,95267;0,42868;0,22047;0,17291;-0,01759
30,47000;1,82475;22390,45501;0,44223;0,00442;279,88069;0,43085;0,22111;0,16876;-0,01717
30,57000;1,83086;22461,62295;0,44407;0,00444;280,77029;0,43208;0,22203;0,17998;-0,01831
30,67000;1,83664;22531,20661;0,44585;0,00446;281,64008;0,43683;0,22293;0,17694;-0,01800
30,77000;1,84291;22604,82788;0,44735;0,00447;282,56035;0,43293;0,22367;0,18053;-0,01836
30,87000;1,84880;22674,18802;0,44880;0,00449;283,42735;0,43721;0,22440;0,18221;-0,01854
30,97000;1,85475;22749,44365;0,45046;0,00450;284,36805;0,44004;0,22523;0,17256;-0,01755
31,07000;1,86091;22819,46540;0,45201;0,00452;285,24332;0,44250;0,22600;0,18251;-0,01857
31,17000;1,86664;22890,03789;0,45364;0,00454;286,12547;0,44592;0,22682;0,17598;-0,01790
31,27000;1,87286;22961,85315;0,45541;0,00455;287,02316;0,44486;0,22770;0,16734;-0,01702
31,37000;1,87880;23030,88605;0,45681;0,00457;287,88608;0,44286;0,22841;0,17698;-0,01800
31,47000;1,88486;23104,96867;0,45845;0,00458;288,81211;0,44535;0,22922;0,17384;-0,01768
31,57000;1,89080;23175,00293;0,46024;0,00460;289,68754;0,44988;0,23012;0,17826;-0,01813
31,67000;1,89670;23248,59738;0,46197;0,00462;290,60747;0,45251;0,23098;0,17308;-0,01761
31,77000;1,90286;23319,18955;0,46329;0,00463;291,48987;0,45241;0,23165;0,17234;-0,01753
31,87000;1,90875;23387,89344;0,46502;0,00465;292,34867;0,45358;0,23251;0,18396;-0,01871
31,97000;1,91496;23461,26258;0,46675;0,00467;293,26578;0,45596;0,23337;0,17832;-0,01814
32,07000;1,92080;23530,04873;0,46824;0,00468;294,12561;0,45530;0,23412;0,17731;-0,01804
32,17000;1,92664;23602,92614;0,47007;0,00470;295,03658;0,45750;0,23504;0,17508;-0,01781
32,27000;1,93275;23674,02434;0,47171;0,00472;295,92530;0,46028;0,23585;0,18902;-0,01923
32,37000;1,93870;23743,49177;0,47322;0,00473;296,79365;0,46317;0,23661;0,21067;-0,02143
32,47000;1,94491;23815,51266;0,47515;0,00475;297,69391;0,46321;0,23757;0,21147;-0,02151
32,57000;1,95086;23885,28943;0,47684;0,00477;298,56612;0,46655;0,23842;0,21669;-0,02204
32,67000;1,95686;23957,75378;0,47846;0,00478;299,47192;0,46933;0,23923;0,21314;-0,02168
32,77000;1,96280;24026,55780;0,48005;0,00480;300,33197;0,46660;0,24003;0,21391;-0,02176
32,87000;1,96859;24095,51561;0,48174;0,00482;301,19395;0,47074;0,24087;0,21066;-0,02143
32,97000;1,97480;24166,33844;0,48332;0,00483;302,07923;0,46979;0,24166;0,21651;-0,02202
33,07000;1,98075;24234,85994;0,48510;0,00485;302,93575;0,47439;0,24255;0,21949;-0,02233
33,17000;1,98686;24308,79414;0,48702;0,00487;303,85993;0,47418;0,24351;0,21623;-0,02200
33,27000;1,99291;24377,19405;0,48861;0,00489;304,71493;0,47428;0,24430;0,23255;-0,02366
33,37000;1,99870;24447,58415;0,49038;0,00490;305,59480;0,48195;0,24519;0,22730;-0,02312
33,47000;2,00480;24517,51292;0,49224;0,00492;306,46891;0,48286;0,24612;0,23482;-0,02389
33,57000;2,01075;24583,31823;0,49378;0,00494;307,29148;0,48375;0,24689;0,23115;-0,02351
33,67000;2,01686;24654,69897;0,49555;0,00496;308,18374;0,48745;0,24777;0,22749;-0,02314
33,77000;2,02280;24722,44442;0,49732;0,00497;309,03056;0,48740;0,24866;0,23658;-0,02407
33,87000;2,02870;24793,24937;0,49903;0,00499;309,91562;0,48955;0,24952;0,23963;-0,02438
33,97000;2,03480;24861,44722;0,50096;0,00501;310,76809;0,48932;0,25048;0,23814;-0,02422
34,07000;2,04069;24927,92487;0,50280;0,00503;311,59906;0,49213;0,25140;0,23858;-0,02427
34,17000;2,04696;24997,54429;0,50436;0,00504;312,46930;0,49677;0,25218;0,25062;-0,02549
34,27000;2,05280;25062,08181;0,50624;0,00506;313,27602;0,49519;0,25312;0,24383;-0,02480
34,37000;2,05875;25132,43437;0,50830;0,00508;314,15543;0,49831;0,25415;0,25008;-0,02544
34,47000;2,06480;25198,18068;0,50997;0,00510;314,97726;0,50261;0,25498;0,24191;-0,02461
34,57000;2,07059;25264,67443;0,51185;0,00512;315,80843;0,50320;0,25593;0,25140;-0,02557
34,67000;2,07686;25333,28533;0,51365;0,00514;316,66607;0,50958;0,25683;0,22792;-0,02318
34,77000;2,08286;25396,72852;0,51560;0,00516;317,45911;0,50878;0,25780;0,23314;-0,02372
34,87000;2,08891;25465,24465;0,51782;0,00518;318,31556;0,51426;0,25891;0,22034;-0,02241
34,97000;2,09486;25529,51217;0,51948;0,00519;319,11890;0,51516;0,25974;0,22644;-0,02303
35,07000;2,10069;25594,67554;0,52156;0,00522;319,93344;0,51600;0,26078;0,22317;-0,02270
35,17000;2,10675;25656,89206;0,52371;0,00524;320,71115;0,51899;0,26186;0,23056;-0,02345
35,27000;2,11270;25718,58466;0,52540;0,00525;321,48231;0,52248;0,26270;0,23169;-0,02357
35,37000;2,11896;25784,54196;0,52775;0,00528;322,30677;0,52380;0,26388;0,23274;-0,02367
35,47000;2,12480;25844,44463;0,52977;0,00530;323,05556;0,52299;0,26488;0,23229;-0,02363
35,57000;2,13075;25909,29151;0,53199;0,00532;323,86614;0,52614;0,26599;0,24433;-0,02485
35,67000;2,13680;25968,85443;0,53410;0,00534;324,61068;0,52823;0,26705;0,23613;-0,02402
35,77000;2,14264;26026,32523;0,53634;0,00536;325,32907;0,53016;0,26817;0,24646;-0,02507
35,87000;2,14891;26087,74245;0,53886;0,00539;326,09678;0,53304;0,26943;0,23572;-0,02398
35,97000;2,15486;26144,36388;0,54089;0,00541;326,80455;0,53844;0,27044;0,24184;-0,02460
36,07000;2,16080;26203,79627;0,54361;0,00544;327,54745;0,53754;0,27181;0,23503;-0,02391
36,17000;2,16680;26259,66668;0,54598;0,00546;328,24583;0,54722;0,27299;0,23597;-0,02400
36,27000;2,17275;26313,27510;0,54876;0,00549;328,91594;0,54549;0,27438;0,23982;-0,02440
36,37000;2,17891;26366,41324;0,55145;0,00551;329,58017;0,55204;0,27572;0,24385;-0,02481
36,47000;2,18475;26414,02423;0,55420;0,00554;330,17530;0,55673;0,27710;0,23726;-0,02413
36,57000;2,19086;26466,38632;0,55718;0,00557;330,82983;0,56652;0,27859;0,25007;-0,02544
36,67000;2,19680;26512,30574;0,56023;0,00560;331,40382;0,56391;0,28011;0,23833;-0,02424
36,77000;2,20264;26558,89928;0,56353;0,00564;331,98624;0,56966;0,28177;0,24130;-0,02455
36,87000;2,20886;26602,29921;0,56692;0,00567;332,52874;0,57016;0,28346;0,24541;-0,02496
36,97000;2,21475;26637,50052;0,57057;0,00571;332,96876;0,57955;0,28528;0,24109;-0,02452
37,07000;2,22091;26677,77658;0,57451;0,00575;333,47221;0,58747;0,28725;0,24153;-0,02457
37,17000;2,22691;26709,47313;0,57864;0,00579;333,86841;0,58959;0,28932;0,23786;-0,02420
37,27000;2,23269;26739,57646;0,58285;0,00583;334,24471;0,59756;0,29143;0,23268;-0,02367
37,37000;2,23875;26764,78565;0,58750;0,00588;334,55982;0,60228;0,29375;0,24363;-0,02478
37,47000;2,24464;26784,93977;0,59252;0,00593;334,81175;0,60790;0,29626;0,23631;-0,02404
37,57000;2,25091;26804,28386;0,59784;0,00598;335,05355;0,61019;0,29892;0,23997;-0,02441
37,67000;2,25686;26813,83789;0,60340;0,00603;335,17297;0,62121;0,30170;0,23455;-0,02386
37,77000;2,26286;26824,90647;0,60959;0,00610;335,31133;0,62509;0,30479;0,23882;-0,02429
37,87000;2,26886;26825,63961;0,61594;0,00616;335,32050;0,63184;0,30797;0,24367;-0,02479
37,97000;2,27464;26823,26674;0,62252;0,00623;335,29083;0,63704;0,31126;0,24321;-0,02474
38,07000;2,28091;26820,39678;0,62946;0,00629;335,25496;0,64965;0,31473;0,23388;-0,02379
38,17000;2,28675;26808,20346;0,63642;0,00636;335,10254;0,65245;0,31821;0,23255;-0,02366
38,27000;2,29286;26801,69284;0,64396;0,00644;335,02116;0,66316;0,32198;0,23525;-0,02393
38,37000;2,29886;26787,63807;0,65119;0,00651;334,84548;0,66881;0,32559;0,23312;-0,02371
38,47000;2,30475;26772,59982;0,65860;0,00659;334,65750;0,67483;0,32930;0,23515;-0,02392
38,57000;2,31086;26756,14715;0,66598;0,00666;334,45184;0,68844;0,33299;0,23810;-0,02422
38,67000;2,31680;26737,04088;0,67348;0,00673;334,21301;0,68631;0,33674;0,23717;-0,02413
38,77000;2,32296;26720,44337;0,68080;0,00681;334,00554;0,70327;0,34040;0,23784;-0,02419
38,87000;2,32880;26700,74522;0,68819;0,00688;333,75932;0,70524;0,34410;0,23802;-0,02421
38,97000;2,33475;26684,29077;0,69543;0,00695;333,55363;0,71557;0,34772;0,23837;-0,02425
39,07000;2,34080;26663,67352;0,70261;0,00703;333,29592;0,72426;0,35131;0,24188;-0,02460
39,17000;2,34669;26643,28873;0,70952;0,00710;333,04111;0,74283;0,35476;0,23966;-0,02438
39,27000;2,35296;26625,31972;0,71652;0,00717;332,81650;0,74036;0,35826;0,24954;-0,02538
39,37000;2,35886;26603,37925;0,72320;0,00723;332,54224;0,75044;0,36160;0,24968;-0,02540
39,47000;2,36480;26587,92436;0,72982;0,00730;332,34905;0,75172;0,36491;0,24533;-0,02496
39,57000;2,37075;26569,62633;0,73637;0,00736;332,12033;0,76463;0,36819;0,25129;-0,02556
39,67000;2,37664;26552,95908;0,74279;0,00743;331,91199;0,76689;0,37140;0,25986;-0,02643
39,77000;2,38280;26538,21051;0,74901;0,00749;331,72763;0,78060;0,37451;0,27483;-0,02796
39,87000;2,38886;26522,56429;0,75526;0,00755;331,53205;0,78863;0,37763;0,27976;-0,02846
39,97000;2,39491;26510,90920;0,76128;0,00761;331,38636;0,78748;0,38064;0,29288;-0,02979
40,07000;2,40086;26495,44358;0,76726;0,00767;331,19304;0,80582;0,38363;0,29170;-0,02967
40,17000;2,40669;26484,94363;0,77318;0,00773;331,06180;0,80856;0,38659;0,28866;-0,02936
40,27000;2,41275;26473,06144;0,77893;0,00779;330,91327;0,81787;0,38946;0,29288;-0,02979
40,37000;2,41864;26461,14171;0,78454;0,00785;330,76427;0,82052;0,39227;0,29877;-0,03039
40,47000;2,42491;26455,67179;0,79025;0,00790;330,69590;0,83257;0,39512;0,30387;-0,03091
40,57000;2,43091;26444,58711;0,79579;0,00796;330,55734;0,84328;0,39790;0,30054;-0,03057
40,67000;2,43680;26439,06713;0,80128;0,00801;330,48834;0,84735;0,40064;0,30437;-0,03096
40,77000;2,44291;26431,31018;0,80679;0,00807;330,39138;0,85186;0,40339;0,29849;-0,03036
40,87000;2,44869;26420,94612;0,81214;0,00812;330,26183;0,86236;0,40607;0,30230;-0,03075
40,97000;2,45491;26415,53521;0,81746;0,00817;330,19419;0,85955;0,40873;0,30741;-0,03127
41,07000;2,46080;26407,10413;0,82260;0,00823;330,08880;0,86849;0,41130;0,30668;-0,03120
41,17000;2,46680;26405,83456;0,82802;0,00828;330,07293;0,87319;0,41401;0,31362;-0,03190
41,27000;2,47286;26400,23053;0,83318;0,00833;330,00288;0,88095;0,41659;0,31336;-0,03188
41,37000;2,47869;26395,31851;0,83833;0,00838;329,94148;0,88578;0,41917;0,30995;-0,03153
41,47000;2,48496;26391,22188;0,84332;0,00843;329,89027;0,88996;0,42166;0,30936;-0,03147
41,57000;2,49086;26382,31695;0,84855;0,00849;329,77896;0,89678;0,42428;0,31860;-0,03241
41,67000;2,49691;26381,70719;0,85355;0,00854;329,77134;0,89938;0,42678;0,31158;-0,03170
41,77000;2,50286;26375,28777;0,85834;0,00858;329,69110;0,90812;0,42917;0,31359;-0,03190
41,87000;2,50869;26373,23320;0,86334;0,00863;329,66541;0,91808;0,43167;0,31374;-0,03191
41,97000;2,51475;26369,78924;0,86826;0,00868;329,62237;0,91881;0,43413;0,31027;-0,03156
42,07000;2,52080;26364,26389;0,87283;0,00873;329,55330;0,92317;0,43641;0,32014;-0,03257
42,17000;2,52702;26363,62553;0,87767;0,00878;329,54532;0,92938;0,43883;0,31678;-0,03222
42,27000;2,53280;26358,21462;0,88237;0,00882;329,47768;0,93522;0,44119;0,31645;-0,03219
42,37000;2,53886;26357,74970;0,88708;0,00887;329,47187;0,94024;0,44354;0,31665;-0,03221
42,47000;2,54486;26352,87166;0,89177;0,00892;329,41090;0,94568;0,44589;0,31824;-0,03237
42,57000;2,55059;26348,89126;0,89644;0,00896;329,36114;0,95209;0,44822;0,32404;-0,03296
42,67000;2,55686;26347,11564;0,90104;0,00901;329,33895;0,95284;0,45052;0,32224;-0,03278
42,77000;2,56280;26342,74542;0,90553;0,00906;329,28432;0,95830;0,45276;0,32685;-0,03325
42,87000;2,56880;26344,41197;0,91052;0,00911;329,30515;0,96438;0,45526;0,32929;-0,03350
42,97000;2,57486;26340,28137;0,91479;0,00915;329,25352;0,97035;0,45739;0,31644;-0,03219
43,07000;2,58069;26337,11100;0,91967;0,00920;329,21389;0,97377;0,45983;0,31759;-0,03231
43,17000;2,58680;26333,72784;0,92433;0,00924;329,17160;0,98091;0,46216;0,31504;-0,03205
43,27000;2,59280;26329,29862;0,92875;0,00929;329,11623;0,98694;0,46437;0,32352;-0,03291
43,37000;2,59886;26329,67591;0,93366;0,00934;329,12095;0,99298;0,46683;0,32545;-0,03311
43,47000;2,60480;26327,38352;0,93822;0,00938;329,09229;0,99834;0,46911;0,32403;-0,03296
43,57000;2,61069;26325,91724;0,94285;0,00943;329,07397;1,00204;0,47142;0,32275;-0,03283
43,67000;2,61686;26323,97711;0,94748;0,00947;329,04971;1,00752;0,47374;0,30994;-0,03153
43,77000;2,62269;26319,25285;0,95216;0,00952;328,99066;1,01160;0,47608;0,30029;-0,03055
43,87000;2,62902;26319,88227;0,95675;0,00957;328,99853;1,01629;0,47838;0,30202;-0,03072
43,97000;2,63486;26314,47315;0,96137;0,00961;328,93091;1,02181;0,48068;0,30248;-0,03077
44,07000;2,64069;26315,14013;0,96613;0,00966;328,93925;1,02745;0,48306;0,29253;-0,02976
44,17000;2,64680;26312,99973;0,97082;0,00971;328,91250;1,03134;0,48541;0,30024;-0,03054
44,27000;2,65264;26309,27324;0,97539;0,00975;328,86592;1,03814;0,48770;0,30226;-0,03075
44,37000;2,65891;26309,90982;0,98035;0,00980;328,87387;1,04465;0,49017;0,30270;-0,03079
44,47000;2,66486;26305,71663;0,98499;0,00985;328,82146;1,04863;0,49249;0,30932;-0,03147
44,57000;2,67091;26306,31566;0,98959;0,00990;328,82895;1,05517;0,49480;0,30250;-0,03077
44,67000;2,67680;26302,66428;0,99450;0,00994;328,78330;1,06235;0,49725;0,30578;-0,03111
44,77000;2,68269;26301,05495;0,99889;0,00999;328,76319;1,06780;0,49945;0,30863;-0,03139
44,87000;2,68886;26299,37410;1,00374;0,01004;328,74218;1,06877;0,50187;0,30984;-0,03152
44,97000;2,69475;26294,59083;1,00830;0,01008;328,68239;1,07476;0,50415;0,30059;-0,03058
45,07000;2,70091;26297,38748;1,01318;0,01013;328,71734;1,08071;0,50659;0,31035;-0,03157
45,17000;2,70691;26293,10489;1,01778;0,01018;328,66381;1,08663;0,50889;0,30184;-0,03070
45,27000;2,71269;26292,04631;1,02263;0,01023;328,65058;1,09246;0,51131;0,31090;-0,03163
45,37000;2,71886;26290,09008;1,02731;0,01027;328,62613;1,09661;0,51365;0,31479;-0,03202
45,47000;2,72475;26284,85799;1,03200;0,01032;328,56072;1,10032;0,51600;0,30877;-0,03141
45,57000;2,73086;26285,38191;1,03683;0,01037;328,56727;1,11190;0,51841;0,31310;-0,03185
45,67000;2,73680;26283,06091;1,04144;0,01041;328,53826;1,11639;0,52072;0,31241;-0,03178
45,77000;2,74280;26283,39887;1,04619;0,01046;328,54249;1,11837;0,52310;0,30606;-0,03113
45,87000;2,74875;26280,39300;1,05077;0,01051;328,50491;1,12133;0,52538;0,31176;-0,03171
45,97000;2,75469;26279,37913;1,05572;0,01056;328,49224;1,12920;0,52786;0,30993;-0,03153
46,07000;2,76096;26277,27449;1,06011;0,01060;328,46593;1,13248;0,53006;0,31365;-0,03191
46,17000;2,76680;26272,73619;1,06489;0,01065;328,40920;1,13886;0,53245;0,31226;-0,03176
46,27000;2,77286;26274,68884;1,06974;0,01070;328,43361;1,14693;0,53487;0,32038;-0,03259
46,37000;2,77880;26270,33830;1,07426;0,01074;328,37923;1,15008;0,53713;0,31261;-0,03180
46,47000;2,78464;26269,46926;1,07912;0,01079;328,36837;1,15332;0,53956;0,31961;-0,03251
46,57000;2,79086;26268,74328;1,08390;0,01084;328,35929;1,15810;0,54195;0,31880;-0,03243
46,67000;2,79686;26264,40525;1,08853;0,01089;328,30507;1,16329;0,54426;0,31239;-0,03178
46,77000;2,80291;26265,16342;1,09337;0,01093;328,31454;1,16860;0,54669;0,30780;-0,03131
46,87000;2,80886;26262,63320;1,09800;0,01098;328,28292;1,17473;0,54900;0,31098;-0,03163
46,97000;2,81475;26260,91480;1,10261;0,01103;328,26144;1,17704;0,55130;0,31038;-0,03157
47,07000;2,82075;26258,23438;1,10736;0,01107;328,22793;1,18402;0,55368;0,31084;-0,03162
47,17000;2,82664;26254,49002;1,11189;0,01112;328,18113;1,19012;0,55595;0,31401;-0,03194
47,27000;2,83302;26256,44088;1,11671;0,01117;328,20551;1,19511;0,55836;0,31472;-0,03201
47,37000;2,83886;26252,53558;1,12112;0,01121;328,15669;1,20093;0,56056;0,31376;-0,03192
47,47000;2,84475;26253,24368;1,12601;0,01126;328,16555;1,20469;0,56300;0,30932;-0,03146
47,57000;2,85091;26249,44389;1,13058;0,01131;328,11805;1,21001;0,56529;0,31125;-0,03166
47,67000;2,85664;26243,93642;1,13517;0,01135;328,04921;1,21363;0,56758;0,31287;-0,03183
47,77000;2,86286;26244,07768;1,13995;0,01140;328,05097;1,21872;0,56998;0,31000;-0,03153
47,87000;2,86886;26239,46965;1,14437;0,01144;327,99337;1,22401;0,57218;0,31882;-0,03243
47,97000;2,87486;26240,99851;1,14898;0,01149;328,01248;1,22688;0,57449;0,31826;-0,03237
48,07000;2,88086;26237,95867;1,15346;0,01153;327,97448;1,22961;0,57673;0,31115;-0,03165
48,17000;2,88675;26235,80933;1,15798;0,01158;327,94762;1,23867;0,57899;0,31203;-0,03174
48,27000;2,89286;26232,93757;1,16241;0,01162;327,91172;1,24114;0,58121;0,31369;-0,03191
48,37000;2,89875;26228,29020;1,16692;0,01167;327,85363;1,24755;0,58346;0,31377;-0,03192
48,47000;2,90491;26230,40557;1,17148;0,01171;327,88007;1,25120;0,58574;0,32270;-0,03283
48,57000;2,91080;26224,78187;1,17591;0,01176;327,80977;1,25653;0,58795;0,31932;-0,03248
48,67000;2,91664;26225,13056;1,18026;0,01180;327,81413;1,26011;0,59013;0,31090;-0,03163
48,77000;2,92291;26223,77515;1,18464;0,01185;327,79719;1,26683;0,59232;0,31522;-0,03207
48,87000;2,92875;26218,17470;1,18909;0,01189;327,72718;1,26997;0,59455;0,31566;-0,03211
48,97000;2,93496;26217,93866;1,19333;0,01193;327,72423;1,27286;0,59666;0,31584;-0,03213
49,07000;2,94086;26212,90147;1,19765;0,01198;327,66127;1,28102;0,59883;0,31278;-0,03182
49,17000;2,94680;26213,28235;1,20216;0,01202;327,66603;1,28737;0,60108;0,31670;-0,03222
49,27000;2,95280;26209,24652;1,20622;0,01206;327,61558;1,28722;0,60311;0,32487;-0,03305
49,37000;2,95864;26206,53927;1,21057;0,01211;327,58174;1,29436;0,60528;0,31742;-0,03229
49,47000;2,96491;26204,95498;1,21473;0,01215;327,56194;1,29691;0,60737;0,31673;-0,03222
49,57000;2,97085;26200,49357;1,21891;0,01219;327,50617;1,30167;0,60946;0,31842;-0,03239
49,67000;2,97691;26202,08144;1,22316;0,01223;327,52602;1,30461;0,61158;0,32343;-0,03290
49,77000;2,98286;26196,28251;1,22716;0,01227;327,45353;1,31151;0,61358;0,31725;-0,03227
49,87000;2,98864;26194,27621;1,23141;0,01231;327,42845;1,31870;0,61570;0,31857;-0,03241
49,97000;2,99486;26191,52069;1,23524;0,01235;327,39401;1,32040;0,61762;0,31912;-0,03246
50,07000;3,00069;26185,71103;1,23929;0,01239;327,32139;1,32558;0,61965;0,31711;-0,03226
50,17000;3,00691;26187,75845;1,24341;0,01243;327,34698;1,32980;0,62171;0,32321;-0,03288
50,27000;3,01286;26185,20319;1,24727;0,01247;327,31504;1,33310;0,62363;0,32692;-0,03326
50,37000;3,01880;26183,74407;1,25136;0,01251;327,29680;1,33731;0,62568;0,32950;-0,03352
50,47000;3,02480;26180,27508;1,25507;0,01255;327,25344;1,34438;0,62754;0,31348;-0,03189
50,57000;3,03075;26174,99828;1,25917;0,01259;327,18748;1,34542;0,62958;0,32236;-0,03279
50,67000;3,03691;26173,09034;1,26292;0,01263;327,16363;1,35112;0,63146;0,32528;-0,03309
50,77000;3,04280;26167,39154;1,26660;0,01267;327,09239;1,35520;0,63330;0,32030;-0,03258
50,87000;3,04875;26168,84172;1,27045;0,01270;327,11052;1,35858;0,63523;0,33046;-0,03362
50,97000;3,05480;26164,68251;1,27430;0,01274;327,05853;1,36314;0,63715;0,32233;-0,03279
51,07000;3,06059;26160,01189;1,27779;0,01278;327,00015;1,36414;0,63890;0,32778;-0,03334
51,17000;3,06696;26159,26445;1,28153;0,01282;326,99081;1,37018;0,64076;0,32615;-0,03318
51,27000;3,07286;26151,51823;1,28512;0,01285;326,89398;1,37513;0,64256;0,32597;-0,03316
51,37000;3,07880;26152,34077;1,28873;0,01289;326,90426;1,37641;0,64436;0,32434;-0,03299
51,47000;3,08485;26146,87800;1,29211;0,01292;326,83598;1,37968;0,64605;0,32920;-0,03349
51,57000;3,09059;26142,36295;1,29567;0,01296;326,77954;1,38707;0,64783;0,33928;-0,03451
51,67000;3,09675;26140,68747;1,29919;0,01299;326,75859;1,38549;0,64959;0,32645;-0,03321
51,77000;3,10275;26135,14423;1,30239;0,01302;326,68930;1,39110;0,65119;0,33660;-0,03424
51,87000;3,10896;26134,98867;1,30594;0,01306;326,68736;1,39211;0,65297;0,34091;-0,03468
51,97000;3,11485;26129,98545;1,30921;0,01309;326,62482;1,39545;0,65461;0,33427;-0,03400
52,07000;3,12075;26128,35288;1,31251;0,01313;326,60441;1,40123;0,65626;0,33858;-0,03444
52,17000;3,12686;26123,15655;1,31593;0,01316;326,53946;1,40135;0,65797;0,33663;-0,03424
52,27000;3,13269;26117,22887;1,31888;0,01319;326,46536;1,40212;0,65944;0,34880;-0,03548
52,37000;3,13896;26117,15198;1,32211;0,01322;326,46440;1,40510;0,66105;0,34487;-0,03508
52,47000;3,14486;26109,33065;1,32538;0,01325;326,36663;1,41038;0,66269;0,33810;-0,03439
52,57000;3,15080;26108,89971;1,32829;0,01328;326,36125;1,41447;0,66415;0,34853;-0,03545
52,67000;3,15691;26104,34175;1,33124;0,01331;326,30427;1,41701;0,66562;0,33941;-0,03453
52,77000;3,16269;26098,73772;1,33436;0,01334;326,23422;1,42066;0,66718;0,34084;-0,03467
52,87000;3,16886;26095,24012;1,33717;0,01337;326,19050;1,42363;0,66858;0,35326;-0,03594
52,97000;3,17475;26089,04243;1,34012;0,01340;326,11303;1,42652;0,67006;0,35902;-0,03652
53,07000;3,18091;26087,90517;1,34312;0,01343;326,09881;1,42706;0,67156;0,36014;-0,03664
53,17000;3,18680;26082,35121;1,34584;0,01346;326,02939;1,42818;0,67292;0,35963;-0,03658
53,27000;3,19269;26079,96941;1,34865;0,01349;325,99962;1,43092;0,67432;0,35884;-0,03650
53,37000;3,19885;26074,52273;1,35147;0,01351;325,93153;1,43168;0,67573;0,35986;-0,03661
53,47000;3,20480;26067,47031;1,35398;0,01354;325,84338;1,43736;0,67699;0,35990;-0,03661
53,57000;3,21091;26065,90033;1,35682;0,01357;325,82375;1,44234;0,67841;0,36923;-0,03756
53,67000;3,21686;26059,36110;1,35905;0,01359;325,74201;1,43972;0,67952;0,36629;-0,03726
53,77000;3,22275;26056,49829;1,36176;0,01362;325,70623;1,44211;0,68088;0,36043;-0,03666
53,87000;3,22869;26051,50580;1,36431;0,01364;325,64382;1,44492;0,68216;0,36663;-0,03730
53,97000;3,23475;26045,60852;1,36687;0,01367;325,57011;1,44643;0,68343;0,37578;-0,03823
54,07000;3,24096;26041,72647;1,36922;0,01369;325,52158;1,44760;0,68461;0,37469;-0,03811
54,17000;3,24686;26035,91502;1,37169;0,01372;325,44894;1,45100;0,68584;0,39502;-0,04018
54,27000;3,25280;26033,00035;1,37402;0,01374;325,41250;1,45013;0,68701;0,36781;-0,03741
54,37000;3,25880;26026,41821;1,37632;0,01376;325,33023;1,45317;0,68816;0,37020;-0,03766
54,47000;3,26464;26020,48159;1,37840;0,01378;325,25602;1,45648;0,68920;0,38846;-0,03952
54,57000;3,27091;26015,24591;1,38080;0,01381;325,19057;1,45910;0,69040;0,38806;-0,03948
54,67000;3,27680;26007,74288;1,38290;0,01383;325,09679;1,45950;0,69145;0,40529;-0,04123
54,77000;3,28286;26007,34591;1,38517;0,01385;325,09182;1,46259;0,69258;0,40086;-0,04078
54,87000;3,28896;26000,32389;1,38731;0,01387;325,00405;1,46163;0,69366;0,39762;-0,04045
54,97000;3,29469;25993,92235;1,38927;0,01389;324,92403;1,46415;0,69463;0,40500;-0,04120
55,07000;3,30080;25988,76536;1,39120;0,01391;324,85957;1,46713;0,69560;0,40441;-0,04114
55,17000;3,30675;25979,70486;1,39312;0,01393;324,74631;1,46928;0,69656;0,40213;-0,04091
55,27000;3,31285;25976,67396;1,39518;0,01395;324,70842;1,47047;0,69759;0,40744;-0,04145
55,37000;3,31880;25970,19374;1,39726;0,01397;324,62742;1,46881;0,69863;0,40996;-0,04170
55,47000;3,32475;25966,45653;1,39907;0,01399;324,58071;1,47386;0,69954;0,40085;-0,04078
55,57000;3,33091;25959,58650;1,40068;0,01401;324,49483;1,47333;0,70034;0,40602;-0,04130
55,67000;3,33664;25950,52600;1,40259;0,01403;324,38157;1,47571;0,70130;0,40442;-0,04114
55,77000;3,34302;25947,84379;1,40442;0,01404;324,34805;1,47840;0,70221;0,41487;-0,04220
55,87000;3,34885;25937,96253;1,40601;0,01406;324,22453;1,47890;0,70300;0,40775;-0,04148
55,97000;3,35480;25935,09614;1,40782;0,01408;324,18870;1,48099;0,70391;0,40903;-0,04161
56,07000;3,36080;25926,23055;1,40929;0,01409;324,07788;1,47883;0,70465;0,40940;-0,04165
56,17000;3,36664;25919,07978;1,41094;0,01411;323,98850;1,48204;0,70547;0,40803;-0,04151
56,27000;3,37285;25914,02471;1,41256;0,01413;323,92531;1,48105;0,70628;0,40933;-0,04164
56,37000;3,37885;25905,67410;1,41393;0,01414;323,82093;1,48524;0,70696;0,40594;-0,04129
56,47000;3,38496;25902,14789;1,41552;0,01416;323,77685;1,48562;0,70776;0,41109;-0,04182
56,57000;3,39080;25892,92288;1,41704;0,01417;323,66154;1,48563;0,70852;0,41209;-0,04192
56,67000;3,39669;25887,90715;1,41860;0,01419;323,59884;1,48735;0,70930;0,41034;-0,04174
56,77000;3,40285;25879,83549;1,41988;0,01420;323,49794;1,48890;0,70994;0,40727;-0,04143
56,87000;3,40869;25870,61763;1,42103;0,01421;323,38272;1,48849;0,71051;0,41647;-0,04237
56,97000;3,41496;25866,68909;1,42249;0,01422;323,33361;1,48938;0,71124;0,41524;-0,04224
57,07000;3,42085;25857,06174;1,42374;0,01424;323,21327;1,49061;0,71187;0,40505;-0,04120
57,17000;3,42669;25850,87836;1,42513;0,01425;323,13598;1,48888;0,71256;0,41471;-0,04219
57,27000;3,43275;25842,60643;1,42631;0,01426;323,03258;1,49056;0,71316;0,41694;-0,04241
57,37000;3,43869;25832,87537;1,42751;0,01428;322,91094;1,49296;0,71376;0,40406;-0,04110
57,47000;3,44486;25825,98388;1,42874;0,01429;322,82480;1,49365;0,71437;0,40818;-0,04152
57,57000;3,45086;25818,72761;1,42979;0,01430;322,73410;1,49474;0,71490;0,41050;-0,04176
57,67000;3,45685;25813,90321;1,43088;0,01431;322,67379;1,49440;0,71544;0,41869;-0,04259
57,77000;3,46280;25803,92897;1,43194;0,01432;322,54911;1,49432;0,71597;0,41225;-0,04194
57,87000;3,46864;25794,52693;1,43292;0,01433;322,43159;1,49773;0,71646;0,40982;-0,04169
57,97000;3,47496;25787,57823;1,43396;0,01434;322,34473;1,49638;0,71698;0,41274;-0,04199
58,07000;3,48080;25776,69740;1,43480;0,01435;322,20872;1,49522;0,71740;0,41722;-0,04244
58,17000;3,48685;25772,15374;1,43590;0,01436;322,15192;1,49803;0,71795;0,41194;-0,04190
58,27000;3,49285;25761,79147;1,43670;0,01437;322,02239;1,49654;0,71835;0,40910;-0,04162
58,37000;3,49864;25753,41761;1,43757;0,01438;321,91772;1,50196;0,71878;0,40721;-0,04142
58,47000;3,50485;25745,81087;1,43857;0,01439;321,82264;1,49917;0,71929;0,41545;-0,04226
58,57000;3,51086;25733,25098;1,43926;0,01439;321,66564;1,50009;0,71963;0,41163;-0,04187
58,67000;3,51691;25726,76003;1,44018;0,01440;321,58450;1,50141;0,72009;0,40786;-0,04149
58,77000;3,52285;25716,00974;1,44086;0,01441;321,45012;1,49934;0,72043;0,41144;-0,04185
58,87000;3,52875;25708,17411;1,44164;0,01442;321,35218;1,50042;0,72082;0,41638;-0,04236
58,97000;3,53480;25697,85297;1,44233;0,01442;321,22316;1,50182;0,72117;0,41459;-0,04217
59,07000;3,54064;25687,30652;1,44302;0,01443;321,09133;1,50543;0,72151;0,41103;-0,04181
59,17000;3,54702;25680,88353;1,44364;0,01444;321,01104;1,50177;0,72182;0,40935;-0,04164
59,27000;3,55285;25667,17029;1,44429;0,01444;320,83963;1,50366;0,72215;0,41231;-0,04194
59,37000;3,55880;25661,28552;1,44497;0,01445;320,76607;1,50514;0,72248;0,40981;-0,04169
59,47000;3,56496;25649,66440;1,44553;0,01446;320,62081;1,50573;0,72277;0,40643;-0,04134
59,57000;3,57059;25636,66999;1,44610;0,01446;320,45837;1,50430;0,72305;0,41226;-0,04194
59,67000;3,57685;25628,84152;1,44679;0,01447;320,36052;1,50330;0,72339;0,41258;-0,04197
59,77000;3,58280;25616,32991;1,44728;0,01447;320,20412;1,50608;0,72364;0,41610;-0,04233
59,87000;3,58886;25608,20818;1,44790;0,01448;320,10260;1,50495;0,72395;0,41887;-0,04261
59,97000;3,59480;25596,90356;1,44843;0,01448;319,96129;1,50636;0,72422;0,41395;-0,04211
60,07000;3,60080;25586,79342;1,44893;0,01449;319,83492;1,50677;0,72446;0,42037;-0,04276
60,17000;3,60680;25574,02074;1,44935;0,01449;319,67526;1,50724;0,72468;0,41527;-0,04224
60,27000;3,61275;25561,17117;1,44972;0,01450;319,51464;1,50656;0,72486;0,40900;-0,04160
60,37000;3,61896;25552,18399;1,45013;0,01450;319,40230;1,51147;0,72506;0,41780;-0,04250
60,47000;3,62480;25538,69069;1,45039;0,01450;319,23363;1,50914;0,72519;0,40449;-0,04115
60,57000;3,63075;25530,40624;1,45077;0,01451;319,13008;1,50775;0,72538;0,41531;-0,04225
60,67000;3,63685;25517,01128;1,45104;0,01451;318,96264;1,50608;0,72552;0,41330;-0,04204
60,77000;3,64269;25502,97976;1,45125;0,01451;318,78725;1,50385;0,72563;0,40254;-0,04095
60,87000;3,64896;25491,75560;1,45146;0,01451;318,64695;1,50175;0,72573;0,41210;-0,04192
60,97000;3,65485;25476,63867;1,45174;0,01452;318,45798;1,49850;0,72587;0,41084;-0,04179
61,07000;3,66080;25465,36982;1,45200;0,01452;318,31712;1,50211;0,72600;0,41183;-0,04189
61,17000;3,66680;25451,52068;1,45227;0,01452;318,14401;1,50716;0,72614;0,41076;-0,04178
61,27000;3,67269;25436,47885;1,45243;0,01452;317,95599;1,50785;0,72622;0,40933;-0,04164
61,37000;3,67885;25421,95916;1,45264;0,01453;317,77449;1,51005;0,72632;0,41229;-0,04194
61,47000;3,68480;25402,72772;1,45271;0,01453;317,53410;1,50937;0,72635;0,40892;-0,04160
61,57000;3,69091;25389,32204;1,45278;0,01453;317,36653;1,50895;0,72639;0,41300;-0,04201
61,67000;3,69685;25366,52148;1,45256;0,01453;317,08152;1,50311;0,72628;0,40683;-0,04138
61,77000;3,70264;25339,87641;1,45210;0,01452;316,74846;1,50693;0,72605;0,41364;-0,04208
61,87000;3,70891;25296,51046;1,45111;0,01451;316,20638;1,50235;0,72556;0,41108;-0,04182
61,97000;3,71469;25245,18371;1,45032;0,01450;315,56480;1,50720;0,72516;0,38077;-0,03873
62,07000;3,72096;25204,00643;1,44977;0,01450;315,05008;1,50007;0,72489;0,41499;-0,04221
62,17000;3,72691;25149,51110;1,44839;0,01448;314,36889;1,49338;0,72420;0,40549;-0,04125
62,27000;3,73275;25085,00397;1,44678;0,01447;313,56255;1,49720;0,72339;0,38743;-0,03941
62,37000;3,73886;25011,19137;1,44498;0,01445;312,63989;1,49893;0,72249;0,37188;-0,03783
62,45000;3,74352;24935,85527;1,44314;0,01443;311,69819;1,49275;0,72157;0,37318;-0,03796
62,52000;3,74785;24860,26525;1,44128;0,01441;310,75332;1,49079;0,72064;0,37120;-0,03776
62,57600;3,75139;24785,06327;1,43933;0,01439;309,81329;1,48690;0,71967;0,36484;-0,03711
62,61000;3,75321;24705,23536;1,43697;0,01437;308,81544;1,39926;0,71848;0,37270;-0,03791
62,61600;3,75369;24508,04293;1,44365;0,01444;306,35054;1,35752;0,72183;0,37693;-0,03834
62,61800;3,75418;24108,46889;1,46597;0,01466;301,35586;1,34121;0,73298;0,37816;-0,03847
62,62000;3,75477;23405,09534;1,51433;0,01514;292,56369;1,31229;0,75717;0,37844;-0,03850
62,62200;3,75541;22456,35688;1,58932;0,01589;280,70446;1,28338;0,79466;0,37872;-0,03852
62,62400;3,75605;21345,21246;1,68406;0,01684;266,81516;1,25446;0,84203;0,37899;-0,03855
62,62600;3,75669;20112,99133;1,79314;0,01793;251,41239;1,22555;0,89657;0,37927;-0,03858
62,62800;3,75734;18784,36625;1,91564;0,01916;234,80458;1,19663;0,95782;0,37955;-0,03861
62,63000;3,75798;17395,64717;2,05182;0,02052;217,44559;1,16772;1,02591;0,37983;-0,03864
62,63200;3,75862;15983,31392;2,19988;0,02200;199,79142;1,13881;1,09994;0,38011;-0,03867
62,63400;3,75921;14571,04951;2,35529;0,02355;182,13812;1,10194;1,17764;0,38046;-0,03870
